time,amplitude,fluxintegral,power
0.1,1.3054008304576,49.617817990364,0.91577540577516
0.2,1.9501649739853,49.656006206467,0.91841517636669
0.3,2.0636254881703,49.64189321856,0.9183026332388
0.4,2.0809072115123,49.64194635576,0.91830368041367
0.5,2.0983060697557,49.642011260598,0.91830489606743

