time,amplitude,fluxintegral,power
0.1,1.3054008306195,49.617817989986,0.91577540576813
0.2,1.9501643055932,49.656000599302,0.91841505303067
0.3,2.063643199859,49.642061275276,0.91830612560972
0.4,2.080909592099,49.641942411131,0.91830361710062
0.5,2.0983064267198,49.642011048475,0.91830489161652

