time,amplitude,fluxintegral,power
1e-05,1.0000000060824,49.577263715929,0.91321958153477
0.00077623034906863,1.0000361824504,49.578355621957,0.91324316437174
0.0086492988139211,1.0110797467006,49.585527546918,0.91347156430331
0.14544519712428,1.5343804560495,49.642695777917,0.91702048701226
0.5,2.0907177969547,49.642533622145,0.91831126900057

