time,amplitude,fluxintegral,power
1e-05,1.0000000060824,49.577263715928,0.91321958153477
0.00036565262307661,1.0000083778482,49.577722885595,0.913229471844
0.0022096627636396,1.0010230037723,49.580256913616,0.91328898763292
0.011614467038365,1.017484340734,49.587025573288,0.91354875048148
0.078113831848284,1.2182954082075,49.610028525017,0.91521267391238
0.44120000592048,2.083463117898,49.642511742722,0.91831040992853
0.5,2.0936991753489,49.642444823176,0.91831049846614

