time,amplitude,fluxintegral,power
1e-05,1.0000000060824,49.577263715929,0.91321958153477
0.00029228167408925,1.0000054420299,49.577608454079,0.91322701877178
0.0015096602016587,1.0001843156385,49.579489240549,0.91326818427602
0.0057554913050466,1.0056764573761,49.583623715316,0.91339344813119
0.030828355402315,1.0669260469516,49.594022692764,0.91402772427907
0.14307730222235,1.5203081443982,49.633547313453,0.91689040699708
0.5,2.0908640158886,49.642965169592,0.91831497365319

