time,amplitude,fluxintegral,power
1e-05,1.0000000060824,49.577263715928,0.91321958153476
0.0013202354663787,1.0003855685459,49.579082107954,0.91326031232232
0.0256965479448,1.0529262729101,49.592297573816,0.9139004897004
0.5,2.0897061126303,49.642491539887,0.9183106398858

