time,amplitude,fluxintegral,power
1e-05,1.0000000060824,49.577263715928,0.91321958153477
0.00061815743067744,1.0000232137263,49.57811479409,0.91323793235183
0.0056397749278436,1.0054816893138,49.58352980724,0.91338973711681
0.075628831170794,1.2092148975837,49.609173556656,0.91514971242801
0.5,2.0820899959026,49.642942472821,0.91831435315103

