time,amplitude,fluxintegral,power
1e-05,1.0000000060824,49.577263744038,0.91321958296835
0.01001,1.0139408970958,49.586517780172,0.91351209404907
0.5,2.0272034937792,49.64806025279,0.91835655597897

