time,amplitude,fluxintegral,power
0.1,1.3054008304576,49.617817990302,0.91577540577402
0.2,1.9501649739853,49.656006206396,0.91841517636537
0.3,2.0636254881702,49.641893218395,0.91830263323575
0.4,2.0809072115123,49.641946355741,0.91830368041333
0.5,2.0983060697556,49.642011260588,0.91830489606726

