time,amplitude,fluxintegral,power
1e-05,1.0000000060824,49.577263744038,0.91321958296835
0.0054997406538252,1.0052654669163,49.583379458447,0.91338689459943
0.1681492284989,1.6834274907296,49.643396979938,0.91756002951224
0.5,2.0796025027399,49.643967382823,0.91832351736845

