time,amplitude,fluxintegral,power
1e-05,1.0000000060824,49.577263744038,0.91321958296835
0.0024650866553542,1.0012554231456,49.580493552852,0.91329700724464
0.046983031387341,1.1139194483357,49.59968066907,0.91443505998043
0.5,2.0356946065099,49.647397645841,0.91835115486904

