time,amplitude,fluxintegral,power
1e-05,1.0000000060824,49.577263744038,0.91321958296835
0.0017460084228176,1.0006576684224,49.579624733188,0.9132743559968
0.024276452500175,1.0491326365833,49.592086433963,0.91387084566898
0.44054090601597,2.0848593663546,49.642324445251,0.91830878919517
0.5,2.0952165957541,49.642501955382,0.9183109944401

