time,amplitude,fluxintegral,power
1e-05,1.0000000060824,49.577263744038,0.91321958296835
0.0007863665679859,1.0001415587831,49.578333361859,0.91324336333713
0.0045549869100455,1.0037949315137,49.582792255271,0.91336210320016
0.025772982379831,1.0531282742305,49.592610837658,0.91390809893368
0.20712842402483,1.9573785829133,49.655285892091,0.91841048740567
0.5,2.0978922632763,49.642510721853,0.91831178779928

