time,amplitude,fluxintegral,power
1e-05,1.0000000060824,49.577263744038,0.91321958296835
0.007773665682311,1.0093610873408,49.584953796224,0.91344960727339
0.29915083569937,2.0257158539068,49.647018715006,0.91834506354238
0.5,2.0947292078738,49.642478878994,0.91831116541578

