time,amplitude,fluxintegral,power
1e-05,1.0000000060826,49.577264833064,0.91321960468841
0.0077068977349178,1.0028366698649,50.042031731108,0.92187015850271
0.18458482094899,1.289136495806,89.917870026088,1.6626026611119
0.5,2.0864068070932,103.88756429703,1.9217619740905

