time,amplitude,fluxintegral,power
1e-05,1.0000000060826,49.577264798886,0.91321960323373
0.00061546456503996,1.0000231864806,49.582287562174,0.91331454872825
0.0073252277657451,1.002982914775,50.005850156739,0.92119273407934
0.058578109134244,1.0728697230255,57.068703438187,1.0523865912788
0.19299968155122,1.4259406240341,93.553093876029,1.7299981097975
0.48655258129048,2.0641930242178,104.00173726755,1.9238919936394
0.5,2.0973975645806,104.11994340823,1.9260589124917

