time,amplitude,fluxintegral,power
1e-05,1.0000000060826,49.577264798886,0.91321960323373
0.001314433864711,1.0001014600283,49.597954878031,0.91360753899353
0.026255676731789,1.0225378312381,52.292472422447,0.96366656272638
0.23830285093342,1.4601065621859,98.616512920365,1.824092864072
0.5,2.0820172415878,104.0684863178,1.9251184827862

