time,amplitude,fluxintegral,power
1e-05,1.0000000060826,49.577264833064,0.91321960468841
0.0054525285939786,1.001517365052,49.840234150866,0.91811885506724
0.099954768823313,1.1317450526557,64.74632517547,1.1950090397964
0.17775966362868,1.4961749334453,87.144516509086,1.6110322409409
0.5,2.0617892437245,103.99470682979,1.9237385618836

