time,avg_temp,power
0,300,0
1e-05,300,1.000000000553e-06
0.01001,300.00000001198,1.0027187268955e-06
0.096415647614396,300.00000011835,1.0574693944201e-06
0.80361917336329,300.00000164394,3.1571718708713e-06

