time,amplitude,fluxintegral,power
1e-05,1.0000000060826,49.577264798886,0.91321960323373
0.00077283755097603,1.0000361152446,49.584962573298,0.91336468942475
0.010636866701226,1.0055990674545,50.346105916183,0.92751382642709
0.084849990950572,1.1162715357809,61.702525668352,1.1384582797262
0.22242819924737,1.5850861101543,98.372734660503,1.8194504816308
0.36330186862984,2.0615158415096,102.94451387536,1.9043200587651
0.5,2.0974612981364,104.12334264552,1.9261216524941

