time,amplitude,fluxintegral,power
1e-05,1.0000000060826,49.577264833064,0.91321960468841
0.01001,1.0044859746142,50.277786718965,0.92625096782541
0.5,1.9787715452098,103.82518967536,1.9206052676241

