time,amplitude,fluxintegral,power
0.1,1,65.136089426557,1.2022231188464
0.2,1.3054270769064,98.320736881743,1.8185870294447
0.3,1.9502182777392,102.01455923924,1.8870937465067
0.4,2.0636177572918,103.31802503863,1.9112328329387
0.5,2.0809047693123,104.18189370642,1.9272131875525

