time,amplitude,fluxintegral,power
0.1,1,65.13608943426,1.2022231189886
0.2,1.3054270770697,97.501662080251,1.8033859469481
0.3,1.9501894897937,103.21214820531,1.9093197200957
0.4,2.0636613600083,103.5306945423,1.9151796903689
0.5,2.0809164153932,104.18084951404,1.9271938083404

