time,fluxintegral,power
0.1,65.136089423389,1.2022231187879
0.2,98.36047542498,1.8193241552176
0.3,102.18554400033,1.8902651233941
0.4,103.3178658209,1.911228292319
0.5,104.20758174285,1.9276883296907

