time,fluxintegral,power
1e-05,49.577265433634,0.91321961576686
0.0045532373010338,49.813060722041,0.91760859666065
0.016049866491617,51.02310838163,0.9400914804995
0.045734051437252,55.096588798454,1.0157555618875
0.12413530849927,70.536540272039,1.3025374423003
0.1745856300788,86.223809482238,1.5939154851357
0.20391033134473,97.787704710975,1.8086960201704
0.27254122931537,102.00014104257,1.886841631905
0.35214125914334,102.87407266432,1.9030199347822
0.5,104.1570166343,1.9267530818994

