time,fluxintegral,power
0,0.90903992603697,0
1e-05,0.9090399260671,0.99994391867381
0.0061871560985509,0.90904935795459,0.99995429375005
0.10289104877744,0.91131392669954,1.0024453193695
0.39320100272682,0.95154896341334,1.0467038597547
0.90022203987759,1.4018789397196,1.5420668336915
1.4458333663722,1.2765211302204,1.4041732432424
2,1.0605623576378,1.1666185934016

