time,fluxintegral,power
1e-05,49.577265198901,0.91321961061867
0.0011699502011375,49.595077629514,0.91355368103976
0.01335143597115,50.622834732967,0.93265831620171
0.052248044333934,55.994061882346,1.0324283993487
0.1448711829229,76.001521090048,1.4040491224342
0.18635472035258,91.089009767121,1.6842810553849
0.26808955098492,102.30456946267,1.892494845865
0.45976866824905,103.81172855204,1.9203665109985
0.5,104.14386546657,1.9265095898283

