time,fluxintegral,power
0,0.90903992603697,0
1e-05,0.90903992607087,0.99994391867796
0.01001,0.90907254035418,0.9999797943896
0.20936370540092,0.92160597658437,1.0137665742428
0.48245631673817,1.0341519802467,1.1375671782714
0.727771376922,1.191730006216,1.3109030068376
0.99117605395537,1.4814383826796,1.6295822209475
1.8465883158416,1.0500600053031,1.1550660058334
2,1.0322898306651,1.1355188137316

