time,fluxintegral,power
0.1,65.136089432147,1.2022231189496
0.2,97.572384757038,1.8046980883104
0.3,103.34309105601,1.9117487547817
0.4,103.68743935191,1.9180866935532
0.5,104.2434243643,1.9283527875323

