time,fluxintegral,power
0.05,55.873525793478,1.0301830692119
0.1,64.953719909319,1.1988406884425
0.15,77.909796726153,1.4394863362401
0.2,97.66965269742,1.806505818779
0.25,101.3567445663,1.8749113730396
0.3,102.33695043318,1.893077544466
0.35,102.8586763067,1.9027344681412
0.4,103.30396069326,1.9109725718087
0.45,103.73774076931,1.9189970528302
0.5,104.17105950267,1.9270128620744

