time,fluxintegral,power
1e-05,49.577265433634,0.91321961576686
0.0064351078033639,49.981876529032,0.92074614359354
0.026386280830539,52.349279964385,0.96472545348704
0.096647679319196,64.183178324758,1.1845302981047
0.13450113949257,73.164361597575,1.351348983489
0.17833475059444,87.641631782698,1.6202512106905
0.19743789068436,95.774690217928,1.7713191251863
0.24165557165826,101.36017336463,1.8749801757445
0.29714658577326,102.37082163352,1.8937084490483
0.5,104.15751752254,1.9267623480859

