time,fluxintegral,power
0.05,55.873525798532,1.030183069305
0.1,64.798458327143,1.1959603991227
0.15,77.616347659718,1.4340414286745
0.2,97.053318072683,1.7950674134237
0.25,102.43637580797,1.8949490912319
0.3,102.93999045455,1.9042692704624
0.35,103.00394310038,1.9054301423359
0.4,103.31305556125,1.9111409833814
0.45,103.73488935052,1.9189437522101
0.5,104.1742747214,1.927072154175

