time,fluxintegral,power
1e-05,49.577265433634,0.91321961576686
0.01001,50.351362557505,0.92761136931998
0.071292165048061,59.304406667574,1.0939116672414
0.15419779699226,79.180183987157,1.4630840288602
0.18944899806978,92.253254461225,1.7059087697744
0.25804382876523,101.58558538557,1.8791556449499
0.42002443990434,103.45127106478,1.9136974397888
0.5,104.14801772512,1.9265865926353

