time,amplitude,fluxintegral,power
0.064,1.7985104375385,49.679815864623,0.91860405945432
0.128,2.0480942661156,49.641946259978,0.91830278992672
0.192,2.0595996755302,49.64187261846,0.91830229592167
0.256,2.070605521969,49.641914796841,0.91830308760838
0.32,2.0816690517186,49.641956915743,0.91830387649954
0.384,2.0927917016985,49.641998606373,0.9183046573646
0.448,2.1039737893193,49.642039869148,0.91830543021353
0.5,2.1131032206447,49.642073091026,0.91830605245469

