time,fluxintegral,power
0.064,94.213797590749,1.742389733119
0.128,100.78339772672,1.8642872431102
0.192,102.15757079391,1.8897581037085
0.256,102.81862604045,1.9019936585079
0.32,103.38395332579,1.9124523709504
0.384,103.93862576097,1.9227131555487
0.448,104.49437774539,1.9329937960725
0.5,104.94786977027,1.9413827544852

